# Redirects from old site to new
/guides                                             /
/guides/introduction                                /learn/getting_started
/guides/introduction/quick_start_guide.html         /learn/getting_started/quick_start.html
/guides/introduction/whats_next.html                /learn/getting_started/whats_next.html
/guides/main_concepts                               /learn/core_concepts
/guides/main_concepts/indexes.html                  /learn/core_concepts/indexes.html
/guides/main_concepts/documents.html                /learn/core_concepts/documents.html
/guides/main_concepts/search.html                   /learn/what_is_meilisearch/features.html
/guides/main_concepts/relevancy.html                /learn/core_concepts/relevancy.html
/guides/advanced_guides/installation.html           /learn/getting_started/installation.html
/guides/advanced_guides/configuration.html          /reference/features/configuration.html
/guides/advanced_guides/search_parameters.html      /reference/features/search_parameters.html
/guides/advanced_guides/filtering.html              /reference/features/filtering.html
/guides/advanced_guides/faceted_search.html         /reference/features/faceted_search.html
/guides/advanced_guides/authentication.html         /reference/features/authentication.html
/guides/advanced_guides/asynchronous_updates.html   /learn/advanced/asynchronous_updates.html
/guides/advanced_guides/web_interface.html          /reference/features/web_interface.html
/guides/advanced_guides/datatypes.html              /reference/under_the_hood/datatypes.html
/guides/advanced_guides/settings.html               /reference/features/settings.html
/guides/advanced_guides/synonyms.html               /reference/features/synonyms.html
/guides/advanced_guides/stop_words.html             /reference/features/stop_words.html
/guides/advanced_guides/distinct.html               /reference/features/distinct.html
/guides/advanced_guides/snapshots_and_dumps.html    /learn/advanced/snapshots_vs_dumps.html
/guides/advanced_guides/field_properties.html       /reference/features/field_properties.html
/guides/advanced_guides/typotolerance.html          /reference/under_the_hood/typotolerance.html
/guides/advanced_guides/prefix.html                 /reference/under_the_hood/prefix.html
/guides/advanced_guides/concat.html                 /reference/under_the_hood/concat.html
/guides/advanced_guides/bucket_sort.html            /reference/under_the_hood/bucket_sort.html
/guides/advanced_guides/known_limitations.html      /reference/features/known_limitations.html
/guides/advanced_guides/tokenization.html           /reference/under_the_hood/tokenization.html
/references                                         /reference/api
/references/indexes.html                            /reference/api/indexes.html
/references/documents.html                          /reference/api/documents.html
/references/search.html                             /reference/api/search.html
/references/updates.html                            /reference/api/updates.html
/references/keys.html                               /reference/api/keys.html
/references/settings.html                           /reference/api/settings.html
/references/synonyms.html                           /reference/api/synonyms.html
/references/stop_words.html                         /reference/api/stop_words.html
/references/ranking_rules.html                      /reference/api/ranking_rules.html
/references/attributes_for_faceting.html            /reference/api/attributes_for_faceting.html
/references/distinct_attribute.html                 /reference/api/distinct_attribute.html
/references/searchable_attributes.html              /reference/api/searchable_attributes.html
/references/displayed_attributes.html               /reference/api/displayed_attributes.html
/references/stats.html                              /reference/api/stats.html
/references/health.html                             /reference/api/health.html
/references/version.html                            /reference/api/version.html
/references/dumps.html                              /reference/api/dumps.html
/resources                                          /create/how_to
/resources/about_storage.html                       /reference/under_the_hood/storage.html
/resources/sdks.html                                /learn/what_is_meilisearch/sdks.html
/resources/comparison_to_alternatives.html          /learn/what_is_meilisearch/comparison_to_alternatives.html
/resources/postman_collection.html                  /create/how_to/postman_collection.html
/resources/contact.html                             /learn/what_is_meilisearch/contact.html
/resources/tutorials                                /learn/getting_started
/running-production                                 /create/how_to/running_production.html
/resources/howtos                                   /create/how_to
/instant-search-react-app                           /create/how_to/meilisearch_react.html
/resources/howtos/digitalocean_droplet.html         /create/how_to/digitalocean_droplet.html
/resources/howtos/search_bar_for_docs.html          /create/how_to/search_bar_for_docs.html
/http2-ssl                                          /create/how_to/http2_ssl.html

# Move language
/learn/advanced/language.html                       /reference/features/language.html

# Move installation
/reference/features/installation.html               /learn/getting_started/installation.html

# Rename tutorials to getting started
/learn/tutorials                                    /learn/getting_started
/learn/tutorials/getting_started.html               /learn/getting_started/quick_start.html
/learn/tutorials/whats_next.html                    /learn/getting_started/whats_next.html

# Move FAQ and Open API
/reference/open-api                                 /open-api-readme